video_id,true_label,predicted_label,confidence,correctness
0,0,0,0.9999403953552246,1
1,0,0,0.999813973903656,1
2,1,1,0.9965211153030396,1
3,0,0,0.9731449484825134,1
4,0,0,0.9999053478240967,1
5,3,3,0.9996781349182129,1
6,2,2,0.9999103546142578,1
7,0,0,0.9997178912162781,1
8,1,1,0.9977484345436096,1
9,0,0,0.9997336268424988,1
10,2,2,0.9993308782577515,1
11,0,0,0.9994601607322693,1
12,1,1,0.9952925443649292,1
13,0,2,0.9202537536621094,0
14,1,1,0.702258288860321,1
15,0,0,0.9996353387832642,1
16,3,3,0.7120978236198425,1
17,3,3,0.9933695793151855,1
18,1,1,0.48061951994895935,1
19,3,3,0.9976491332054138,1
20,2,2,0.9998807907104492,1
21,3,3,0.9640291929244995,1
22,3,3,0.8452261090278625,1
23,0,0,0.9996566772460938,1
24,0,0,0.9998258948326111,1
25,0,0,0.9999096393585205,1
26,2,2,0.9995865225791931,1
27,3,3,0.6042119860649109,1
28,2,2,0.9995891451835632,1
29,2,2,0.9998843669891357,1
30,2,2,0.9999330043792725,1
31,1,1,0.9995526671409607,1
32,2,2,0.9173331260681152,1
33,3,3,0.9991099238395691,1
34,3,3,0.6738877892494202,1
35,3,1,0.6886467337608337,0
36,1,3,0.5139840245246887,0
37,3,3,0.9973928928375244,1
38,3,0,0.9798156023025513,0
39,3,3,0.5110387802124023,1
40,3,1,0.7256606221199036,0
41,0,0,0.9998748302459717,1
42,2,2,0.9933713674545288,1
43,2,2,0.999932050704956,1
44,0,0,0.9999276399612427,1
45,2,2,0.9957242012023926,1
46,1,3,0.6383131146430969,0
47,0,0,0.9999704360961914,1
48,2,3,0.9742618799209595,0
49,1,1,0.9962807297706604,1
50,2,2,0.9999018907546997,1
51,3,3,0.9868165850639343,1
52,1,1,0.999642014503479,1
53,1,1,0.9993677735328674,1
54,3,3,0.7246484756469727,1
55,0,0,0.999890923500061,1
56,2,3,0.7247663140296936,0
57,3,3,0.9056777954101562,1
58,2,2,0.9998276233673096,1
59,3,3,0.9995711445808411,1
60,3,3,0.5862385630607605,1
61,3,2,0.7240471839904785,0
62,3,3,0.9995044469833374,1
63,3,3,0.999372661113739,1
64,0,2,0.9996542930603027,0
65,1,1,0.9873254299163818,1
66,3,3,0.9995290040969849,1
67,2,3,0.9984891414642334,0
68,0,0,0.9990732669830322,1
69,2,2,0.9444185495376587,1
70,0,0,0.9410886168479919,1
71,2,3,0.7246484756469727,0
72,3,3,0.9988071918487549,1
73,2,2,0.9999222755432129,1
74,1,1,0.9986798167228699,1
75,3,3,0.8765142560005188,1
76,2,2,0.9999269247055054,1
77,0,0,0.9588814973831177,1
78,0,2,0.991995096206665,0
79,0,0,0.999883770942688,1
80,3,3,0.9993972778320312,1
81,2,2,0.9898471236228943,1
82,1,1,0.9689521193504333,1
83,1,3,0.699927806854248,0
84,2,2,0.9998562335968018,1
85,2,2,0.999921441078186,1
86,0,0,0.9998472929000854,1
87,3,3,0.9998103976249695,1
88,0,3,0.9742350578308105,0
89,0,0,0.9893506169319153,1
90,2,2,0.9981739521026611,1
91,1,1,0.9988740086555481,1
92,3,3,0.9998773336410522,1
93,0,0,0.999957799911499,1
94,0,0,0.9999597072601318,1
95,1,1,0.9997445940971375,1
96,2,2,0.9998286962509155,1
97,3,3,0.9990360736846924,1
98,3,3,0.9996306896209717,1
99,0,0,0.9999264478683472,1
100,3,3,0.9997161030769348,1
101,3,3,0.9988899827003479,1
102,0,0,0.9999499320983887,1
103,0,0,0.9996333122253418,1
104,2,2,0.9993048906326294,1
105,1,1,0.877985954284668,1
106,3,3,0.9997605681419373,1
107,0,0,0.555735170841217,1
108,1,3,0.6234077215194702,0
109,3,0,0.9977174997329712,0
110,0,0,0.9999324083328247,1
111,0,0,0.9999289512634277,1
112,1,1,0.9971945285797119,1
113,3,2,0.5717975497245789,0
114,1,1,0.9991063475608826,1
115,1,1,0.9996457099914551,1
116,3,3,0.9812237024307251,1
117,3,3,0.9997840523719788,1
118,1,1,0.9976824522018433,1
119,3,3,0.9871288537979126,1
120,1,3,0.9289732575416565,0
121,2,2,0.9997926354408264,1
122,3,3,0.9905397891998291,1
123,2,2,0.9997068047523499,1
124,0,0,0.9999268054962158,1
125,1,1,0.9981220364570618,1
126,1,1,0.9861416220664978,1
127,0,1,0.8948454856872559,0
128,0,0,0.9999368190765381,1
129,2,2,0.9998237490653992,1
130,3,3,0.9994639754295349,1
131,3,3,0.9991334080696106,1
132,0,1,0.8359143733978271,0
133,2,2,0.9077838063240051,1
134,2,2,0.9978797435760498,1
135,0,0,0.9999157190322876,1
136,2,2,0.9998892545700073,1
137,2,2,0.9993801116943359,1
138,3,3,0.9984096884727478,1
139,0,0,0.999881386756897,1
140,2,1,0.4890758693218231,0
141,0,0,0.9999786615371704,1
142,0,0,0.9998891353607178,1
143,0,0,0.9998992681503296,1
144,0,3,0.9845539927482605,0
145,3,3,0.9602168202400208,1
146,2,2,0.9999245405197144,1
147,3,1,0.9509215950965881,0
148,3,3,0.9534333348274231,1
149,2,2,0.99981290102005,1
150,1,3,0.939268171787262,0
151,1,1,0.9987938404083252,1
152,1,1,0.9993334412574768,1
153,3,3,0.9997747540473938,1
154,0,0,0.9998934268951416,1
155,0,0,0.9999756813049316,1
156,0,0,0.9999065399169922,1
157,1,2,0.8215783834457397,0
158,1,1,0.987862229347229,1
159,1,1,0.9995324611663818,1
160,3,3,0.9997871518135071,1
161,3,3,0.9998589754104614,1
162,1,1,0.9924312829971313,1
163,3,3,0.9998558759689331,1
164,3,3,0.9305752515792847,1
165,2,0,0.9355132579803467,0
166,0,0,0.9991769194602966,1
167,3,3,0.9882974028587341,1
168,2,2,0.998403012752533,1
169,3,3,0.9817700982093811,1
170,3,3,0.9555917978286743,1
171,2,2,0.9998698234558105,1
172,3,3,0.9953568577766418,1
173,2,2,0.9889948964118958,1
174,0,0,0.9987205266952515,1
175,2,3,0.34954747557640076,0
176,0,0,0.9999160766601562,1
177,1,1,0.9351977705955505,1
178,3,3,0.8326628804206848,1
179,1,2,0.9907901287078857,0
180,0,0,0.9997066855430603,1
181,2,2,0.9998189806938171,1
182,3,1,0.6637457013130188,0
183,1,1,0.6174397468566895,1
184,0,0,0.9999480247497559,1
185,3,3,0.9997147917747498,1
186,3,3,0.9995267391204834,1
187,0,0,0.9997565150260925,1
188,2,2,0.9999374151229858,1
189,2,2,0.9998733997344971,1
190,3,3,0.9665296077728271,1
191,2,2,0.9999189376831055,1
192,1,1,0.9955207109451294,1
193,0,0,0.9845309257507324,1
194,3,3,0.7246484756469727,1
195,3,3,0.9995562434196472,1
196,2,2,0.9997326731681824,1
197,3,3,0.9997476935386658,1
198,1,1,0.9991088509559631,1
199,0,0,0.9580305218696594,1
200,1,1,0.9990667700767517,1
201,2,2,0.9998916387557983,1
202,2,2,0.9997056126594543,1
203,2,2,0.8178551197052002,1
204,0,0,0.9792887568473816,1
205,2,2,0.9998966455459595,1
206,0,0,0.9997983574867249,1
207,3,3,0.987217366695404,1
208,2,2,0.9999117851257324,1
209,1,1,0.9992800354957581,1
210,3,2,0.8884616494178772,0
211,3,3,0.9998459815979004,1
212,3,3,0.999272882938385,1
213,3,3,0.9992241859436035,1
214,3,2,0.9282488226890564,0
215,0,3,0.7133907675743103,0
216,1,1,0.9861130118370056,1
217,3,3,0.794211208820343,1
218,0,3,0.8717707395553589,0
219,3,3,0.9968773126602173,1
220,3,1,0.9857093095779419,0
221,0,0,0.9989639520645142,1
222,2,2,0.9866551160812378,1
223,0,0,0.9999591112136841,1
224,1,1,0.9995928406715393,1
225,1,1,0.9989402890205383,1
226,1,3,0.8381136059761047,0
227,2,2,0.9999034404754639,1
228,2,2,0.9996870756149292,1
229,1,0,0.7464066743850708,0
230,3,3,0.9997828602790833,1
231,1,1,0.9991100430488586,1
232,3,0,0.5950983166694641,0
233,0,3,0.7087922692298889,0
234,2,1,0.538652777671814,0
235,2,2,0.9995755553245544,1
236,1,1,0.9990079998970032,1
237,2,2,0.9998995065689087,1
238,2,3,0.9866051077842712,0
239,2,2,0.9959158301353455,1
240,2,2,0.9995573163032532,1
241,1,0,0.47182825207710266,0
242,0,2,0.773393988609314,0
243,1,1,0.9978944659233093,1
244,1,1,0.999626874923706,1
245,1,1,0.9605704545974731,1
246,2,0,0.7645124793052673,0
247,3,3,0.9992037415504456,1
248,2,2,0.9998555183410645,1
249,0,2,0.9556818008422852,0
250,2,2,0.9997897744178772,1
251,1,1,0.9986715316772461,1
252,0,0,0.6037817597389221,1
253,3,0,0.6101046800613403,0
254,3,3,0.999060332775116,1
255,2,0,0.9967482089996338,0
256,0,0,0.9989626407623291,1
257,2,0,0.5868930816650391,0
258,2,2,0.9985596537590027,1
259,2,2,0.9992315769195557,1
260,0,0,0.9961930513381958,1
261,1,1,0.9996356964111328,1
262,3,3,0.985589325428009,1
263,2,2,0.9999287128448486,1
264,2,2,0.9999220371246338,1
265,2,2,0.9999165534973145,1
266,0,0,0.9999178647994995,1
267,3,3,0.8622725605964661,1
268,1,1,0.9996387958526611,1
269,3,0,0.6492589712142944,0
270,1,1,0.9972156286239624,1
271,1,1,0.9992170333862305,1
272,1,1,0.996519923210144,1
273,2,2,0.9998014569282532,1
274,3,1,0.9562145471572876,0
275,3,3,0.9988376498222351,1
276,2,2,0.9999005794525146,1
277,1,1,0.9990455508232117,1
278,0,0,0.9998804330825806,1
279,3,3,0.9998289346694946,1
280,3,3,0.9988182187080383,1
281,2,2,0.9998726844787598,1
282,1,1,0.978679358959198,1
283,1,1,0.9982923865318298,1
284,2,2,0.9947872161865234,1
285,3,3,0.9705288410186768,1
286,3,3,0.9968756437301636,1
287,2,2,0.9997679591178894,1
288,3,1,0.8855029940605164,0
289,2,2,0.9999008178710938,1
290,2,2,0.8787279725074768,1
291,0,0,0.999951958656311,1
292,1,1,0.5611680746078491,1
293,3,3,0.9998282194137573,1
294,2,2,0.9959654808044434,1
295,1,1,0.9997308850288391,1
296,3,3,0.999897837638855,1
297,2,2,0.9999504089355469,1
298,1,1,0.9528129696846008,1
299,1,1,0.9992132186889648,1
300,1,0,0.9498858451843262,0
301,1,3,0.9249212145805359,0
302,2,2,0.9999405145645142,1
303,1,1,0.9992456436157227,1
304,3,3,0.9997360110282898,1
305,3,2,0.9200512766838074,0
306,3,3,0.9982919096946716,1
307,0,0,0.47724637389183044,1
308,2,2,0.9998759031295776,1
309,2,2,0.9998514652252197,1
310,0,0,0.9988797307014465,1
311,2,2,0.9997902512550354,1
312,2,2,0.9971221089363098,1
313,0,0,0.9998899698257446,1
314,2,2,0.9931250810623169,1
315,3,3,0.9482609033584595,1
316,1,1,0.9996328353881836,1
317,0,3,0.6040374636650085,0
318,1,1,0.9929988384246826,1
319,2,2,0.9949448704719543,1
320,0,0,0.9999539852142334,1
321,2,2,0.9797168374061584,1
322,0,0,0.9988076686859131,1
323,1,1,0.9996509552001953,1
324,3,3,0.5187833905220032,1
325,1,1,0.9993475079536438,1
326,2,2,0.9998470544815063,1
327,0,0,0.998196542263031,1
328,1,1,0.9997678399085999,1
329,2,2,0.9998180270195007,1
330,2,0,0.9985053539276123,0
331,0,0,0.999915599822998,1
332,0,0,0.9999206066131592,1
333,0,0,0.9999492168426514,1
334,0,0,0.9991220831871033,1
335,3,3,0.9925290942192078,1
336,0,0,0.9992609620094299,1
337,3,3,0.9997215867042542,1
338,2,0,0.921710729598999,0
339,3,1,0.5110994577407837,0
340,2,2,0.9981020092964172,1
341,2,2,0.9997316002845764,1
342,3,3,0.9996113181114197,1
343,2,1,0.8094498515129089,0
344,3,3,0.9958133101463318,1
345,3,3,0.9996030926704407,1
346,0,0,0.999863862991333,1
347,2,2,0.9998134970664978,1
348,2,2,0.9999111890792847,1
349,0,1,0.974000871181488,0
350,2,2,0.8052946925163269,1
351,1,1,0.9953505992889404,1
352,1,1,0.9996424913406372,1
353,3,3,0.8958510756492615,1
354,2,2,0.999677300453186,1
355,1,1,0.9990453124046326,1
356,3,3,0.9999306201934814,1
357,3,3,0.9998999834060669,1
358,3,3,0.998641312122345,1
359,2,2,0.9997046589851379,1
360,1,1,0.9989670515060425,1
361,2,2,0.9999163150787354,1
362,0,0,0.9995912909507751,1
363,2,2,0.9993921518325806,1
364,1,1,0.9988641738891602,1
365,3,3,0.9996870756149292,1
366,0,0,0.9998868703842163,1
367,2,2,0.9990000128746033,1
368,1,1,0.9979808926582336,1
369,1,1,0.9970603585243225,1
370,1,3,0.8613091707229614,0
371,3,3,0.9993345141410828,1
372,3,3,0.9994049072265625,1
373,2,2,0.9992727637290955,1
374,0,0,0.9999542236328125,1
375,1,1,0.9997414946556091,1
376,3,3,0.5997318029403687,1
377,1,1,0.9980104565620422,1
378,1,1,0.9995003938674927,1
379,2,2,0.9995784163475037,1
380,1,1,0.9384235143661499,1
381,3,3,0.9929975271224976,1
382,1,1,0.9997389912605286,1
383,3,3,0.999171257019043,1
384,2,2,0.9999548196792603,1
385,0,0,0.9999234676361084,1
386,3,3,0.9997530579566956,1
387,3,3,0.9961333274841309,1
388,0,0,0.8090577721595764,1
389,3,3,0.9985170960426331,1
390,3,3,0.9996329545974731,1
391,3,2,0.9914007782936096,0
392,2,2,0.9996942281723022,1
393,3,2,0.9917356371879578,0
394,3,3,0.9984028935432434,1
395,3,3,0.9861246347427368,1
396,1,1,0.9984608888626099,1
397,0,0,0.9999457597732544,1
398,1,2,0.7851613163948059,0
399,0,0,0.9999141693115234,1
400,3,3,0.9868931770324707,1
401,3,3,0.9996077418327332,1
402,2,2,0.999660849571228,1
403,2,2,0.997789740562439,1
404,0,0,0.9963388442993164,1
405,1,1,0.9997250437736511,1
406,1,1,0.9997965693473816,1
407,2,1,0.554940938949585,0
408,2,3,0.9914473295211792,0
409,3,3,0.9683772921562195,1
410,0,0,0.9997867941856384,1
411,3,3,0.9973987340927124,1
412,3,3,0.9903516173362732,1
413,1,1,0.9992175102233887,1
414,1,3,0.5377845168113708,0
415,2,2,0.9998551607131958,1
416,0,0,0.9947668313980103,1
417,2,2,0.9515915513038635,1
418,3,3,0.9966049194335938,1
419,0,0,0.9998407363891602,1
420,1,3,0.9602819085121155,0
421,0,0,0.999713122844696,1
422,2,0,0.8566859364509583,0
423,2,2,0.9996565580368042,1
424,1,1,0.979800283908844,1
425,1,1,0.9982752799987793,1
426,3,3,0.999610960483551,1
427,0,0,0.9999366998672485,1
428,2,2,0.9995198249816895,1
429,3,3,0.9872055053710938,1
430,0,0,0.9998937845230103,1
431,1,1,0.999284565448761,1
432,2,2,0.9994433522224426,1
433,0,0,0.985015869140625,1
434,1,1,0.9225891828536987,1
435,0,0,0.9999179840087891,1
436,1,1,0.9989339709281921,1
437,0,3,0.38503336906433105,0
438,1,1,0.9920418858528137,1
439,0,0,0.9945624470710754,1
440,2,2,0.9996060729026794,1
441,2,2,0.9999239444732666,1
442,1,1,0.9958251714706421,1
443,3,2,0.9946569204330444,0
444,1,1,0.9987621307373047,1
445,3,2,0.5507981777191162,0
446,1,1,0.9994634985923767,1
447,1,1,0.9995063543319702,1
448,2,2,0.6086996793746948,1
449,1,1,0.9996316432952881,1
450,2,2,0.9979175925254822,1
451,0,0,0.9999552965164185,1
452,2,2,0.9997115731239319,1
453,1,1,0.9545082449913025,1
454,3,3,0.9987758994102478,1
455,2,2,0.9986701011657715,1
456,2,2,0.7476558089256287,1
457,2,2,0.9950941801071167,1
458,3,3,0.9975764155387878,1
459,2,0,0.4400120973587036,0
460,0,3,0.9092311859130859,0
461,2,2,0.9995927214622498,1
462,0,0,0.9999279975891113,1
463,3,3,0.9997910857200623,1
464,2,2,0.9999536275863647,1
465,0,0,0.9983343482017517,1
466,3,3,0.9998999834060669,1
467,1,1,0.9806885719299316,1
468,1,1,0.9996212720870972,1
469,1,0,0.7532821297645569,0
470,0,0,0.9995986819267273,1
471,1,1,0.5253700613975525,1
472,2,2,0.9999468326568604,1
473,1,1,0.9920280575752258,1
474,1,1,0.6074763536453247,1
475,0,0,0.9998372793197632,1
476,1,1,0.9997811913490295,1
477,3,3,0.9997557997703552,1
478,2,2,0.9992590546607971,1
479,2,2,0.999561607837677,1
480,0,0,0.9992800354957581,1
481,1,1,0.9996241331100464,1
482,2,1,0.9993066787719727,0
483,2,2,0.9997017979621887,1
484,3,3,0.9747644066810608,1
485,0,0,0.9996511936187744,1
486,0,0,0.9933257102966309,1
487,3,3,0.9994457364082336,1
488,3,3,0.9997581839561462,1
489,2,2,0.992293119430542,1
490,2,2,0.9851633906364441,1
491,2,2,0.9992582201957703,1
492,1,1,0.9987150430679321,1
493,0,0,0.9999141693115234,1
494,3,2,0.9815980195999146,0
495,0,0,0.9999551773071289,1
496,1,1,0.9997285008430481,1
497,0,0,0.999581515789032,1
498,0,0,0.9999089241027832,1
499,3,3,0.997944176197052,1
500,2,2,0.9998869895935059,1
501,0,0,0.9999208450317383,1
502,0,0,0.9999245405197144,1
503,3,3,0.999419093132019,1
504,3,3,0.9969933032989502,1
505,0,0,0.9999456405639648,1
506,2,2,0.9854942560195923,1
507,3,3,0.9942383766174316,1
508,0,0,0.9998531341552734,1
509,0,0,0.999776303768158,1
510,1,2,0.9999055862426758,0
511,2,2,0.7367019653320312,1
512,3,3,0.6948292255401611,1
513,3,2,0.9937206506729126,0
514,3,3,0.9972543120384216,1
515,0,0,0.9996956586837769,1
516,2,2,0.9998778104782104,1
517,2,2,0.9999262094497681,1
518,0,0,0.9870982766151428,1
519,0,0,0.9961923360824585,1
520,2,3,0.9917266368865967,0
521,2,2,0.999671459197998,1
522,2,2,0.9997017979621887,1
523,0,0,0.5464195013046265,1
524,2,1,0.6063387393951416,0
525,2,2,0.9980608820915222,1
526,2,2,0.999769389629364,1
527,3,3,0.9844484329223633,1
528,0,0,0.9999648332595825,1
529,3,3,0.7246484756469727,1
530,3,3,0.9985296726226807,1
531,0,0,0.9999120235443115,1
532,2,3,0.9912407994270325,0
533,3,3,0.9998061060905457,1
534,3,3,0.9996575117111206,1
535,3,3,0.9989481568336487,1
536,2,2,0.8718989491462708,1
537,1,1,0.9998028874397278,1
538,2,2,0.9998944997787476,1
539,3,1,0.9949070811271667,0
540,0,0,0.9993565678596497,1
541,3,3,0.9994176626205444,1
542,1,1,0.9992427825927734,1
543,0,1,0.6704897284507751,0
544,1,1,0.9976834058761597,1
545,0,0,0.9998534917831421,1
546,0,0,0.9999536275863647,1
547,2,1,0.5854572057723999,0
548,2,2,0.9998335838317871,1
549,0,0,0.999816358089447,1
550,0,0,0.990990400314331,1
551,0,2,0.5027076005935669,0
552,3,3,0.998519241809845,1
553,1,1,0.9939746260643005,1
554,3,2,0.36758193373680115,0
555,0,0,0.9999657869338989,1
556,3,1,0.5802868008613586,0
557,0,0,0.9998902082443237,1
558,0,3,0.475249707698822,0
559,0,0,0.9999476671218872,1
560,3,0,0.5100134015083313,0
561,1,1,0.731334924697876,1
562,3,3,0.9979152083396912,1
563,0,0,0.9391424059867859,1
564,3,3,0.9998972415924072,1
565,1,1,0.999512791633606,1
566,3,3,0.9998699426651001,1
567,0,2,0.7628846764564514,0
568,0,0,0.9999382495880127,1
569,0,1,0.9816941618919373,0
570,0,0,0.9999678134918213,1
571,2,2,0.9985895752906799,1
572,1,1,0.9997351765632629,1
573,3,0,0.6672416925430298,0
574,2,2,0.9996527433395386,1
575,2,2,0.9997480511665344,1
576,1,1,0.9996204376220703,1
577,3,1,0.827640175819397,0
578,2,2,0.9998612403869629,1
579,0,0,0.964982271194458,1
580,0,2,0.779232382774353,0
581,3,3,0.9998751878738403,1
582,1,1,0.9503111839294434,1
583,3,3,0.773624837398529,1
584,3,3,0.9997820258140564,1
585,3,3,0.9990637898445129,1
586,1,1,0.999632716178894,1
587,2,2,0.9866906404495239,1
588,0,0,0.9953254461288452,1
589,0,2,0.9972208738327026,0
590,1,1,0.9878317713737488,1
591,1,1,0.9941219687461853,1
592,1,1,0.9945112466812134,1
593,2,2,0.9997616410255432,1
594,2,2,0.9296372532844543,1
595,3,3,0.9988629817962646,1
596,3,3,0.9996930360794067,1
597,0,0,0.9999570846557617,1
598,1,1,0.9997445940971375,1
599,0,0,0.9999587535858154,1
600,1,1,0.9995658993721008,1
601,2,2,0.9985404014587402,1
602,2,2,0.9999312162399292,1
603,2,2,0.9997815489768982,1
604,1,2,0.9991694688796997,0
605,3,3,0.5067436099052429,1
606,3,3,0.9297088980674744,1
607,3,3,0.8279554843902588,1
608,3,3,0.9997925162315369,1
609,0,0,0.9983626008033752,1
610,2,2,0.9880656003952026,1
611,2,2,0.9991206526756287,1
612,2,2,0.9988705515861511,1
613,1,1,0.9995796084403992,1
614,3,3,0.9994972944259644,1
615,0,2,0.8941858410835266,0
616,2,0,0.884600043296814,0
617,2,2,0.9998915195465088,1
618,2,0,0.9277361631393433,0
619,1,1,0.9982288479804993,1
620,2,2,0.999817430973053,1
621,1,1,0.9976008534431458,1
622,0,0,0.9558010697364807,1
623,3,3,0.9998736381530762,1
624,3,3,0.9997488856315613,1
625,2,2,0.9998540878295898,1
626,2,2,0.9999359846115112,1
627,3,3,0.9955806136131287,1
628,2,2,0.9984982013702393,1
629,3,3,0.9940546154975891,1
630,1,1,0.9997116923332214,1
631,3,3,0.9982221722602844,1
632,2,2,0.9783212542533875,1
633,1,1,0.5352218747138977,1
634,0,0,0.9998538494110107,1
635,3,3,0.9997159838676453,1
636,0,0,0.9999520778656006,1
637,2,2,0.9998902082443237,1
638,2,2,0.9995457530021667,1
639,2,2,0.9999334812164307,1
640,3,2,0.9626537561416626,0
641,0,0,0.9922769069671631,1
642,2,2,0.9999020099639893,1
643,3,3,0.9994621872901917,1
644,3,3,0.9841567873954773,1
645,3,3,0.9969239830970764,1
646,1,1,0.6860679984092712,1
647,1,1,0.9678263664245605,1
648,3,1,0.9848151206970215,0
649,0,0,0.9997724890708923,1
650,2,2,0.9998866319656372,1
651,1,1,0.9996974468231201,1
652,2,3,0.9975544810295105,0
653,1,1,0.9997584223747253,1
654,1,1,0.9959123730659485,1
655,2,1,0.7172018885612488,0
656,0,0,0.9986704587936401,1
657,0,0,0.9880619049072266,1
658,2,2,0.9994598031044006,1
659,2,3,0.9970319271087646,0
660,0,0,0.9999561309814453,1
661,0,0,0.9509406685829163,1
662,3,0,0.9971569776535034,0
663,2,3,0.7246484756469727,0
664,1,1,0.951678991317749,1
665,3,3,0.9997056126594543,1
666,0,0,0.999937891960144,1
667,0,0,0.9998680353164673,1
668,0,0,0.9998036026954651,1
669,1,1,0.9980212450027466,1
670,0,0,0.9998546838760376,1
671,3,3,0.9603731632232666,1
672,2,2,0.9998562335968018,1
673,0,0,0.9991307854652405,1
674,3,3,0.9971688389778137,1
675,3,3,0.9998393058776855,1
676,1,3,0.7246484756469727,0
677,0,0,0.9956860542297363,1
678,0,0,0.9958795309066772,1
679,2,0,0.9339371919631958,0
680,2,2,0.9998501539230347,1
681,3,3,0.8000548481941223,1
682,1,1,0.9993558526039124,1
683,0,0,0.9999115467071533,1
684,2,2,0.9997268319129944,1
685,1,1,0.9996507167816162,1
686,2,2,0.49834170937538147,1
687,3,3,0.9997257590293884,1
688,0,1,0.6179237365722656,0
689,1,1,0.9984610080718994,1
690,0,0,0.9997932314872742,1
691,0,0,0.9998868703842163,1
692,1,1,0.9995564818382263,1
693,3,1,0.9810914993286133,0
694,2,2,0.9999343156814575,1
695,1,3,0.7059606909751892,0
696,3,3,0.9992796778678894,1
697,0,0,0.987425684928894,1
698,2,2,0.9998297691345215,1
699,0,0,0.9999589920043945,1
700,1,1,0.9994804263114929,1
701,0,0,0.9998378753662109,1
702,3,3,0.9987963438034058,1
703,1,1,0.999670147895813,1
704,2,2,0.9994588494300842,1
705,1,2,0.3548222482204437,0
706,3,3,0.9986880421638489,1
707,1,1,0.9998049139976501,1
708,0,1,0.9506852626800537,0
709,2,2,0.9993323683738708,1
710,1,1,0.998683512210846,1
711,3,3,0.9997000694274902,1
712,1,1,0.9987873435020447,1
713,2,2,0.9999361038208008,1
714,1,1,0.9994159936904907,1
715,1,1,0.9996808767318726,1
716,2,0,0.9844170808792114,0
717,0,0,0.9342610836029053,1
718,1,1,0.9805673956871033,1
719,3,3,0.9966580867767334,1
720,3,3,0.9866263270378113,1
721,0,0,0.9999479055404663,1
722,2,2,0.9999188184738159,1
723,0,0,0.7665722966194153,1
724,0,0,0.9996113181114197,1
725,0,0,0.7703121304512024,1
726,2,2,0.9591927528381348,1
727,0,0,0.9999040365219116,1
728,2,2,0.9988027811050415,1
729,1,2,0.9961472749710083,0
730,3,3,0.998021125793457,1
731,3,2,0.9991973042488098,0
732,2,0,0.6698991060256958,0
733,1,1,0.9996761083602905,1
734,1,1,0.9997854828834534,1
735,3,3,0.9921759963035583,1
736,3,3,0.9119328856468201,1
737,2,2,0.9998891353607178,1
738,1,0,0.5593833923339844,0
739,0,1,0.9106554985046387,0
740,0,2,0.7897337675094604,0
741,1,1,0.9995715022087097,1
742,1,2,0.6645869612693787,0
743,0,0,0.9737656116485596,1
744,3,1,0.9973517656326294,0
745,1,1,0.9744388461112976,1
746,0,0,0.9999068975448608,1
747,0,2,0.8187031745910645,0
748,2,2,0.999550998210907,1
749,0,1,0.6964834332466125,0
750,1,0,0.673140287399292,0
751,0,0,0.9997122883796692,1
752,1,2,0.7979982495307922,0
753,1,1,0.9992918968200684,1
754,2,2,0.9990890026092529,1
755,3,3,0.9996408224105835,1
756,2,1,0.9014247059822083,0
757,1,1,0.9995868802070618,1
758,3,3,0.9973376393318176,1
759,3,3,0.9962157607078552,1
760,0,0,0.9998362064361572,1
761,1,1,0.99974125623703,1
762,0,0,0.9999507665634155,1
763,0,0,0.9478603601455688,1
764,2,2,0.9989101886749268,1
765,1,1,0.9997474551200867,1
766,2,2,0.9843209981918335,1
767,1,1,0.9923350214958191,1
768,0,0,0.9508439898490906,1
769,1,1,0.9997361302375793,1
770,2,2,0.9946920275688171,1
771,2,2,0.9997472167015076,1
772,0,1,0.9828176498413086,0
773,1,1,0.9598193168640137,1
774,1,1,0.9980897307395935,1
775,3,3,0.9697657823562622,1
776,3,3,0.9991973042488098,1
777,2,2,0.9998518228530884,1
778,1,1,0.9993762373924255,1
779,2,2,0.9988370537757874,1
780,1,1,0.999536395072937,1
781,0,0,0.9995532631874084,1
782,3,3,0.9994359612464905,1
783,2,2,0.9980742931365967,1
784,3,1,0.8924328088760376,0
785,2,2,0.9999313354492188,1
786,1,2,0.5052890181541443,0
787,0,2,0.9986672401428223,0
788,2,2,0.9950803518295288,1
789,3,3,0.9997115731239319,1
790,0,0,0.6315205693244934,1
791,3,3,0.9176934957504272,1
792,3,1,0.4773977994918823,0
793,0,0,0.9850282669067383,1
794,1,1,0.999439537525177,1
795,1,1,0.7744028568267822,1
796,2,2,0.6575965285301208,1
797,1,1,0.9995494484901428,1
798,2,2,0.7283839583396912,1
799,0,0,0.9996886253356934,1
800,1,0,0.8729391098022461,0
801,3,3,0.9998787641525269,1
802,1,1,0.9996434450149536,1
803,3,3,0.7245744466781616,1
804,0,0,0.8145157098770142,1
805,3,3,0.9996814727783203,1
806,3,3,0.9956654906272888,1
807,0,0,0.9999328851699829,1
808,2,2,0.9797084927558899,1
809,1,1,0.9996355772018433,1
810,1,1,0.998940646648407,1
811,3,0,0.946557343006134,0
812,2,2,0.9997873902320862,1
813,1,1,0.9968174695968628,1
814,0,0,0.9998030066490173,1
815,2,2,0.4276667535305023,1
816,2,2,0.9997523427009583,1
817,0,0,0.997414231300354,1
818,0,0,0.999864935874939,1
819,3,3,0.9993547797203064,1
820,1,1,0.9987922310829163,1
821,1,1,0.9982149600982666,1
822,1,1,0.7067031860351562,1
823,1,2,0.6016325354576111,0
824,3,3,0.9971281886100769,1
825,3,3,0.9993470311164856,1
826,2,2,0.9999178647994995,1
827,2,2,0.9999232292175293,1
828,3,3,0.7246484756469727,1
829,2,2,0.9316020607948303,1
830,3,3,0.9992656111717224,1
831,2,3,0.5535175204277039,0
832,2,2,0.9999557733535767,1
833,0,0,0.9996588230133057,1
834,1,1,0.991515040397644,1
835,1,1,0.9997625946998596,1
836,2,2,0.9998829364776611,1
837,1,1,0.9992021918296814,1
838,3,3,0.9986358284950256,1
839,3,2,0.9511446356773376,0
840,1,1,0.9993442893028259,1
841,0,0,0.9977430105209351,1
842,1,1,0.9997679591178894,1
843,2,2,0.9970439076423645,1
844,0,0,0.9998844861984253,1
845,1,1,0.9905100464820862,1
846,1,1,0.9992091059684753,1
847,2,2,0.9999393224716187,1
848,1,1,0.5405280590057373,1
849,0,0,0.9996412992477417,1
850,1,1,0.9989081621170044,1
851,0,0,0.9932973980903625,1
852,2,2,0.9999209642410278,1
853,0,0,0.9999366998672485,1
854,3,3,0.9989383816719055,1
855,0,0,0.9147055149078369,1
856,2,2,0.9994900226593018,1
857,0,0,0.9999088048934937,1
858,0,0,0.9999082088470459,1
859,0,0,0.9999282360076904,1
860,3,3,0.9940711855888367,1
861,2,0,0.9979664087295532,0
862,3,3,0.9970954656600952,1
863,2,2,0.9986829161643982,1
864,0,3,0.7246484756469727,0
865,1,1,0.9992228746414185,1
866,0,0,0.999311089515686,1
867,2,2,0.9949288368225098,1
868,2,2,0.912630558013916,1
869,3,3,0.9952693581581116,1
870,0,0,0.9999234676361084,1
871,1,1,0.9990999698638916,1
872,3,3,0.9998028874397278,1
873,1,1,0.99324631690979,1
874,2,3,0.9383494853973389,0
875,1,1,0.9993433356285095,1
876,1,1,0.9993925094604492,1
877,1,1,0.9975717663764954,1
878,2,2,0.9999169111251831,1
879,0,0,0.9997994303703308,1
880,0,0,0.9998594522476196,1
881,0,1,0.9991795420646667,0
882,1,3,0.7292837500572205,0
883,0,0,0.9999533891677856,1
884,0,0,0.8810073137283325,1
885,3,3,0.9975538849830627,1
886,1,1,0.9991685152053833,1
887,1,1,0.9994096755981445,1
888,0,2,0.4230319559574127,0
889,0,0,0.9999122619628906,1
890,2,2,0.9869650602340698,1
891,2,2,0.9926349520683289,1
892,3,3,0.9496164917945862,1
893,1,1,0.9989404082298279,1
894,1,1,0.7591055035591125,1
895,2,0,0.9514315128326416,0
896,2,2,0.9999245405197144,1
897,2,2,0.999914288520813,1
898,2,2,0.9994778037071228,1
899,3,3,0.9986226558685303,1
900,2,2,0.9998151659965515,1
901,3,3,0.9995059967041016,1
902,3,3,0.9992936849594116,1
903,2,2,0.9996260404586792,1
904,1,1,0.9472066760063171,1
905,2,2,0.9998338222503662,1
906,0,0,0.9998844861984253,1
907,0,0,0.9999053478240967,1
908,1,1,0.45149970054626465,1
909,1,1,0.9996838569641113,1
910,3,3,0.9996176958084106,1
911,2,2,0.9998890161514282,1
912,0,0,0.9998786449432373,1
913,0,0,0.9942672848701477,1
914,1,1,0.9853090643882751,1
915,3,0,0.9834259748458862,0
916,0,0,0.9999397993087769,1
917,0,0,0.9999319314956665,1
918,0,0,0.9998908042907715,1
919,2,2,0.9999114274978638,1
920,0,1,0.6636135578155518,0
921,1,1,0.9984024167060852,1
922,0,0,0.9832898378372192,1
923,1,1,0.9997671246528625,1
924,0,0,0.9999487400054932,1
925,1,1,0.9996421337127686,1
926,3,3,0.9634974002838135,1
927,3,3,0.9997434020042419,1
928,3,3,0.8079394102096558,1
929,2,3,0.5715668797492981,0
930,2,2,0.9996664524078369,1
931,3,3,0.9997450709342957,1
932,2,2,0.9998356103897095,1
933,0,0,0.9999222755432129,1
934,2,2,0.9998284578323364,1
935,0,0,0.9997711777687073,1
936,0,0,0.9331319332122803,1
937,3,3,0.9982870221138,1
938,1,1,0.9997075200080872,1
939,3,3,0.9973371624946594,1
940,2,2,0.9997379183769226,1
941,1,3,0.8646924495697021,0
942,1,1,0.5499917268753052,1
943,0,0,0.9999537467956543,1
944,1,1,0.9994644522666931,1
945,3,3,0.7246484756469727,1
946,3,3,0.9996405839920044,1
947,1,1,0.9927111864089966,1
948,1,2,0.9401119947433472,0
949,3,3,0.9969692826271057,1
950,1,1,0.9988307356834412,1
951,1,1,0.8631430268287659,1
952,0,0,0.9999490976333618,1
953,0,0,0.9998568296432495,1
954,2,0,0.45272907614707947,0
955,0,0,0.9997294545173645,1
956,0,0,0.9998377561569214,1
957,2,2,0.9989625215530396,1
958,2,2,0.9866241216659546,1
959,2,2,0.9987471103668213,1
960,2,2,0.9770220518112183,1
961,1,1,0.9517949819564819,1
962,1,1,0.9977701902389526,1
963,2,2,0.9998692274093628,1
964,3,3,0.9996453523635864,1
965,3,3,0.9930711388587952,1
966,1,1,0.9989521503448486,1
967,2,2,0.9974477291107178,1
968,3,2,0.9675772190093994,0
969,1,1,0.9998156428337097,1
970,1,2,0.976874828338623,0
971,2,2,0.9742946624755859,1
972,3,3,0.9912360906600952,1
973,3,3,0.697444498538971,1
974,0,0,0.9988763928413391,1
975,2,2,0.9998600482940674,1
976,3,3,0.9960057139396667,1
977,3,3,0.9998106360435486,1
978,2,2,0.9997581839561462,1
979,1,1,0.9990469813346863,1
980,2,1,0.8846476078033447,0
981,3,3,0.9997496008872986,1
982,1,1,0.9968355298042297,1
983,3,3,0.7148759961128235,1
984,0,2,0.9779256582260132,0
985,1,0,0.3990691602230072,0
986,1,0,0.9997496008872986,0
987,2,2,0.9997001886367798,1
988,1,1,0.9958123564720154,1
989,1,1,0.9955939650535583,1
990,3,3,0.9984111785888672,1
991,1,1,0.9928833246231079,1
992,3,3,0.999670147895813,1
993,0,0,0.9998089671134949,1
994,0,0,0.9992175102233887,1
995,3,0,0.5303836464881897,0
996,0,0,0.9998482465744019,1
997,0,0,0.9996638298034668,1
998,2,2,0.9999492168426514,1
999,1,1,0.966172456741333,1
1000,2,0,0.9226433634757996,0
1001,0,0,0.9998007416725159,1
1002,0,1,0.9996763467788696,0
1003,0,0,0.9997935891151428,1
1004,3,3,0.9996885061264038,1
1005,3,3,0.6758888363838196,1
1006,3,3,0.9609346985816956,1
1007,0,0,0.9997463822364807,1
1008,2,2,0.9998149275779724,1
1009,2,1,0.7307308912277222,0
1010,2,2,0.868147611618042,1
1011,1,1,0.9988172650337219,1
1012,2,2,0.9997313618659973,1
1013,3,3,0.9998888969421387,1
1014,1,2,0.9939806461334229,0
1015,2,2,0.9993481040000916,1
1016,0,0,0.9356569647789001,1
1017,0,0,0.8652313351631165,1
1018,2,2,0.9998169541358948,1
1019,0,0,0.9998530149459839,1
1020,3,3,0.9991393089294434,1
1021,1,1,0.9993459582328796,1
1022,0,0,0.9987527132034302,1
1023,2,2,0.9999562501907349,1
1024,0,1,0.6243983507156372,0
1025,0,0,0.9999167919158936,1
1026,0,1,0.9889222383499146,0
1027,3,1,0.9969803690910339,0
1028,1,2,0.9937020540237427,0
1029,0,0,0.9997648596763611,1
1030,1,1,0.9962034821510315,1
1031,2,0,0.5392347574234009,0
1032,2,2,0.9978739023208618,1
1033,3,3,0.9998244643211365,1
1034,0,0,0.9998968839645386,1
1035,3,3,0.9961735606193542,1
1036,2,2,0.9998224377632141,1
1037,0,0,0.9997962117195129,1
1038,3,1,0.9410265684127808,0
1039,3,3,0.9994989633560181,1
1040,3,3,0.9987785220146179,1
1041,3,3,0.9976853132247925,1
1042,3,3,0.9979140162467957,1
1043,3,3,0.9681633710861206,1
1044,1,1,0.9996381998062134,1
1045,0,0,0.9999610185623169,1
1046,2,2,0.9997101426124573,1
1047,0,2,0.9955266118049622,0
1048,3,3,0.9985484480857849,1
1049,0,0,0.9999507665634155,1
1050,3,3,0.999480664730072,1
1051,0,0,0.9736807346343994,1
1052,0,0,0.9998268485069275,1
1053,1,2,0.6503507494926453,0
1054,0,3,0.8498760461807251,0
1055,2,2,0.9998977184295654,1
1056,0,1,0.9097727537155151,0
1057,1,2,0.7217204570770264,0
1058,0,0,0.999468982219696,1
1059,3,0,0.999745786190033,0
1060,1,1,0.999813973903656,1
1061,2,2,0.9951103329658508,1
1062,2,2,0.9983018636703491,1
1063,3,2,0.4279218316078186,0
1064,1,1,0.9996358156204224,1
1065,1,1,0.9997408986091614,1
1066,1,2,0.48147958517074585,0
1067,1,1,0.9987879395484924,1
1068,3,3,0.9997207522392273,1
1069,2,2,0.9946390986442566,1
1070,2,2,0.9998050332069397,1
1071,2,2,0.9998935461044312,1
1072,0,1,0.9991326928138733,0
1073,2,1,0.934881329536438,0
1074,0,0,0.9999277591705322,1
1075,3,2,0.8316316604614258,0
1076,1,1,0.9998418092727661,1
1077,0,3,0.7246484756469727,0
1078,1,1,0.9996999502182007,1
1079,3,3,0.9996275901794434,1
1080,2,2,0.9998652935028076,1
1081,1,1,0.989563524723053,1
1082,0,0,0.9999635219573975,1
1083,2,2,0.9998024106025696,1
1084,0,0,0.9976466298103333,1
1085,3,1,0.6008036732673645,0
1086,3,3,0.6181471347808838,1
1087,3,3,0.9970663189888,1
1088,1,1,0.999357283115387,1
1089,0,0,0.9997144341468811,1
1090,2,2,0.9982026815414429,1
1091,0,0,0.9997952580451965,1
1092,1,1,0.9990094900131226,1
1093,0,0,0.999869704246521,1
1094,1,1,0.999796450138092,1
1095,2,1,0.9444828629493713,0
1096,1,1,0.9996552467346191,1
1097,2,2,0.9998952150344849,1
1098,2,2,0.9921358823776245,1
1099,2,2,0.9592873454093933,1
1100,2,3,0.7246484756469727,0
1101,1,1,0.9997184872627258,1
1102,2,2,0.9999393224716187,1
1103,1,1,0.9988225102424622,1
1104,0,0,0.9844492077827454,1
1105,3,0,0.7557243704795837,0
1106,3,3,0.9998878240585327,1
1107,1,1,0.9216231107711792,1
1108,2,2,0.9999206066131592,1
1109,2,2,0.9978722333908081,1
1110,2,2,0.9997467398643494,1
1111,0,0,0.5415500402450562,1
1112,2,2,0.9998772144317627,1
1113,2,2,0.9998486042022705,1
1114,0,3,0.9976898431777954,0
1115,0,0,0.9998719692230225,1
1116,0,0,0.9999254941940308,1
1117,1,1,0.882725179195404,1
1118,1,1,0.9974963068962097,1
1119,3,3,0.9997207522392273,1
1120,1,3,0.5425547957420349,0
1121,0,0,0.9999634027481079,1
1122,1,1,0.999316930770874,1
1123,0,0,0.9979161620140076,1
1124,1,3,0.700248658657074,0
1125,0,0,0.9997307658195496,1
1126,0,0,0.9999760389328003,1
1127,0,0,0.9999659061431885,1
1128,1,1,0.9997794032096863,1
1129,1,1,0.8708754777908325,1
1130,2,1,0.7811420559883118,0
1131,3,3,0.9995039701461792,1
1132,3,1,0.916073203086853,0
1133,3,3,0.9961771965026855,1
1134,0,0,0.9998712539672852,1
1135,2,2,0.9997280240058899,1
1136,2,2,0.9997536540031433,1
1137,0,3,0.8077166080474854,0
1138,0,0,0.9999406337738037,1
1139,0,0,0.9979475140571594,1
1140,0,0,0.9998775720596313,1
1141,1,1,0.9994691014289856,1
1142,1,1,0.9979641437530518,1
1143,0,0,0.9999426603317261,1
1144,1,1,0.9981978535652161,1
1145,1,1,0.9993106126785278,1
1146,0,0,0.9999539852142334,1
1147,1,1,0.999680757522583,1
1148,3,3,0.9976824522018433,1
1149,2,2,0.6807125806808472,1
1150,1,1,0.9981746673583984,1
1151,2,2,0.9998432397842407,1
1152,2,2,0.9973421692848206,1
1153,1,1,0.9997078776359558,1
1154,0,0,0.9999853372573853,1
1155,1,1,0.998515784740448,1
1156,1,1,0.8721256852149963,1
1157,3,0,0.9966895580291748,0
1158,2,2,0.9999264478683472,1
1159,2,2,0.9999494552612305,1
1160,3,1,0.4961441159248352,0
1161,0,2,0.9910569190979004,0
1162,2,3,0.4104374647140503,0
1163,1,1,0.9993196725845337,1
1164,3,1,0.9971163272857666,0
1165,0,0,0.9998612403869629,1
1166,0,1,0.7227651476860046,0
1167,1,1,0.9994083642959595,1
1168,3,3,0.9998412132263184,1
1169,3,3,0.9992169141769409,1
1170,3,3,0.9997656941413879,1
1171,2,2,0.9955841898918152,1
1172,2,2,0.9999333620071411,1
1173,3,1,0.8968543410301208,0
1174,3,3,0.99985671043396,1
1175,1,1,0.9994138479232788,1
1176,2,2,0.9995012283325195,1
1177,3,3,0.9966589212417603,1
1178,1,1,0.999144434928894,1
1179,0,1,0.9830011129379272,0
1180,3,3,0.9998595714569092,1
1181,3,2,0.5366084575653076,0
1182,2,2,0.9996165037155151,1
1183,3,3,0.9997345805168152,1
1184,3,3,0.9979089498519897,1
1185,1,1,0.9985945820808411,1
1186,3,3,0.9996836185455322,1
1187,1,1,0.994778037071228,1
1188,2,2,0.9996944665908813,1
1189,1,1,0.9994644522666931,1
1190,3,3,0.9929113984107971,1
1191,0,0,0.9999752044677734,1
1192,0,0,0.9999327659606934,1
1193,3,3,0.9993153810501099,1
1194,1,1,0.9986464381217957,1
1195,3,3,0.975959062576294,1
1196,2,2,0.9999349117279053,1
1197,1,1,0.9996678829193115,1
1198,0,0,0.9999431371688843,1
1199,1,1,0.9985924363136292,1
1200,1,1,0.9992520213127136,1
1201,1,1,0.9954054355621338,1
1202,2,2,0.9977182149887085,1
1203,1,1,0.4850786030292511,1
1204,2,2,0.9998998641967773,1
1205,3,3,0.9957022070884705,1
1206,2,2,0.99988853931427,1
1207,0,0,0.9982491731643677,1
1208,1,1,0.9990173578262329,1
1209,0,0,0.9957255125045776,1
1210,1,1,0.9996022582054138,1
1211,1,1,0.9997705817222595,1
1212,2,2,0.9983285069465637,1
1213,3,3,0.9996829032897949,1
1214,3,1,0.7212986350059509,0
1215,2,2,0.9998534917831421,1
1216,0,0,0.9999551773071289,1
1217,2,2,0.9999256134033203,1
1218,3,3,0.9817938804626465,1
1219,3,3,0.9993834495544434,1
1220,0,0,0.9999608993530273,1
1221,1,1,0.9990355968475342,1
1222,3,3,0.9999169111251831,1
1223,3,3,0.998643696308136,1
1224,3,3,0.9991655349731445,1
1225,3,3,0.9994707703590393,1
1226,2,2,0.999903678894043,1
1227,1,3,0.5266748070716858,0
1228,3,3,0.9978525638580322,1
1229,0,2,0.9989545345306396,0
1230,1,1,0.9994193315505981,1
1231,3,3,0.9996775388717651,1
1232,3,3,0.9993374943733215,1
1233,1,1,0.9992433786392212,1
1234,1,1,0.9947432279586792,1
1235,1,1,0.9995461106300354,1
1236,0,0,0.9998915195465088,1
1237,2,2,0.9998000264167786,1
1238,3,3,0.9187804460525513,1
1239,0,0,0.9282805919647217,1
1240,2,2,0.9998195767402649,1
1241,0,1,0.6020429134368896,0
1242,0,0,0.9999594688415527,1
1243,0,0,0.9580802917480469,1
1244,0,0,0.9998782873153687,1
1245,0,0,0.9996813535690308,1
1246,2,2,0.9876458048820496,1
1247,0,0,0.9998904466629028,1
1248,3,3,0.9995731711387634,1
1249,2,1,0.8577488660812378,0
1250,3,3,0.9841414093971252,1
1251,0,2,0.9974486231803894,0
1252,0,2,0.5160565376281738,0
1253,1,1,0.9957422614097595,1
1254,2,2,0.999226450920105,1
1255,1,1,0.9985471367835999,1
1256,3,3,0.9813822507858276,1
1257,2,2,0.9996071457862854,1
1258,3,3,0.999248206615448,1
1259,0,0,0.9998134970664978,1
1260,3,3,0.9965465664863586,1
1261,1,1,0.7780047059059143,1
1262,2,2,0.9997413754463196,1
1263,3,3,0.999565064907074,1
1264,2,2,0.9968961477279663,1
1265,0,0,0.9996154308319092,1
1266,3,3,0.9992844462394714,1
1267,0,0,0.9839958548545837,1
1268,3,3,0.9996992349624634,1
1269,0,2,0.9907801747322083,0
1270,3,3,0.9990988969802856,1
1271,0,0,0.9999635219573975,1
1272,3,3,0.9984140396118164,1
1273,0,0,0.9999743700027466,1
1274,0,0,0.9999395608901978,1
1275,3,3,0.9998780488967896,1
1276,0,0,0.9995342493057251,1
1277,0,3,0.6417750716209412,0
1278,3,3,0.9720532894134521,1
1279,2,2,0.9999209642410278,1
1280,3,3,0.9578406810760498,1
1281,2,2,0.9981410503387451,1
1282,2,2,0.9999408721923828,1
1283,0,0,0.9999487400054932,1
1284,2,2,0.9997101426124573,1
1285,0,0,0.9998090863227844,1
1286,1,1,0.9984661340713501,1
1287,1,1,0.718206524848938,1
1288,2,3,0.5451986789703369,0
1289,0,0,0.9999661445617676,1
1290,2,2,0.928412675857544,1
1291,1,1,0.998196542263031,1
1292,3,3,0.9998082518577576,1
1293,0,0,0.9999301433563232,1
1294,0,0,0.9985390901565552,1
1295,1,1,0.9595399498939514,1
1296,3,3,0.9996347427368164,1
1297,0,0,0.9947966933250427,1
1298,0,0,0.9999511241912842,1
1299,3,2,0.9245707988739014,0
1300,2,3,0.8905285596847534,0
1301,2,2,0.9999256134033203,1
1302,2,2,0.999784529209137,1
1303,3,3,0.995248019695282,1
1304,1,1,0.999795138835907,1
1305,3,3,0.9981020092964172,1
1306,1,1,0.9921595454216003,1
1307,3,2,0.7044988870620728,0
1308,2,1,0.6356865167617798,0
1309,0,0,0.9999241828918457,1
1310,2,2,0.9997037053108215,1
1311,1,1,0.9996439218521118,1
1312,3,2,0.5649158358573914,0
1313,0,0,0.9990764856338501,1
1314,1,1,0.9897895455360413,1
1315,1,1,0.9935411214828491,1
1316,2,2,0.9997745156288147,1
1317,1,1,0.997115969657898,1
1318,3,3,0.9928343296051025,1
1319,3,1,0.5618928670883179,0
1320,0,2,0.8021848797798157,0
1321,1,1,0.9697163701057434,1
1322,2,2,0.7781757116317749,1
1323,0,0,0.9998914003372192,1
1324,3,3,0.9958471655845642,1
1325,0,0,0.999704897403717,1
1326,3,3,0.9878097772598267,1
1327,0,0,0.9988123178482056,1
1328,0,0,0.9999415874481201,1
1329,0,0,0.9999507665634155,1
1330,0,0,0.9999274015426636,1
1331,1,1,0.9998106360435486,1
1332,3,3,0.9978664517402649,1
1333,1,1,0.8941510915756226,1
1334,3,3,0.9999011754989624,1
1335,3,2,0.3322184681892395,0
1336,3,3,0.9997274279594421,1
1337,0,0,0.9998010993003845,1
1338,2,2,0.9998119473457336,1
1339,1,1,0.9989688396453857,1
1340,0,0,0.9988960027694702,1
1341,1,1,0.9997510313987732,1
1342,2,2,0.9996447563171387,1
1343,3,3,0.940768837928772,1
1344,0,0,0.9982335567474365,1
1345,2,2,0.9997296929359436,1
1346,2,2,0.7451257109642029,1
1347,3,3,0.971810519695282,1
1348,2,2,0.9959133267402649,1
1349,0,1,0.5259346961975098,0
1350,0,3,0.9258432388305664,0
1351,0,0,0.835180401802063,1
1352,2,2,0.9997280240058899,1
1353,2,2,0.9997593760490417,1
1354,3,3,0.7246484756469727,1
1355,2,2,0.9933409094810486,1
1356,2,2,0.9982299208641052,1
1357,2,2,0.9998204112052917,1
1358,3,1,0.5174815654754639,0
1359,3,2,0.9372690916061401,0
1360,2,2,0.9997550845146179,1
1361,2,2,0.5126233696937561,1
1362,3,3,0.8793565034866333,1
1363,1,1,0.99979168176651,1
1364,3,3,0.9997044205665588,1
1365,3,1,0.9313008785247803,0
1366,3,2,0.5806705355644226,0
1367,3,3,0.9984906911849976,1
1368,2,2,0.9993066787719727,1
1369,1,1,0.9996650218963623,1
1370,3,3,0.9985034465789795,1
1371,3,3,0.9986988306045532,1
1372,3,3,0.7428135275840759,1
1373,1,1,0.9997645020484924,1
1374,3,3,0.9957563281059265,1
1375,1,1,0.9992495179176331,1
1376,3,3,0.9993870258331299,1
1377,1,1,0.999776303768158,1
1378,2,2,0.999745786190033,1
1379,1,3,0.7246484756469727,0
1380,0,0,0.9990516304969788,1
1381,3,3,0.9981398582458496,1
1382,2,2,0.9998956918716431,1
1383,0,0,0.9139010310173035,1
1384,3,3,0.9964064955711365,1
1385,3,3,0.6695864200592041,1
1386,1,1,0.9893578886985779,1
1387,1,1,0.9996955394744873,1
1388,2,2,0.9962031245231628,1
1389,1,1,0.9930533766746521,1
1390,1,0,0.512374997138977,0
1391,0,0,0.9999116659164429,1
1392,3,3,0.9997476935386658,1
1393,3,0,0.5763567090034485,0
1394,1,1,0.9994755387306213,1
1395,1,1,0.9997072815895081,1
1396,3,2,0.7832093834877014,0
1397,1,1,0.9992295503616333,1
1398,1,1,0.9988445043563843,1
1399,1,1,0.9790546894073486,1
1400,1,1,0.9993133544921875,1
1401,2,2,0.9998865127563477,1
1402,2,2,0.9998912811279297,1
1403,1,1,0.9970647692680359,1
1404,1,1,0.9996629953384399,1
1405,2,2,0.9783691167831421,1
1406,2,2,0.9992485642433167,1
1407,3,3,0.9915655851364136,1
1408,2,2,0.9994382262229919,1
1409,3,3,0.9996756315231323,1
1410,0,0,0.999808132648468,1
1411,0,0,0.9996854066848755,1
1412,0,3,0.5998799800872803,0
1413,1,1,0.7659254670143127,1
1414,2,2,0.9999221563339233,1
1415,1,1,0.9991158843040466,1
1416,0,0,0.9999227523803711,1
1417,1,1,0.9840598106384277,1
1418,1,1,0.989346981048584,1
1419,1,3,0.7246484756469727,0
1420,1,0,0.5731549263000488,0
1421,0,0,0.999897837638855,1
1422,3,3,0.9999077320098877,1
1423,1,3,0.9550519585609436,0
1424,2,2,0.9989919066429138,1
1425,3,1,0.9881272912025452,0
1426,3,3,0.999518632888794,1
1427,1,1,0.9865725040435791,1
1428,3,3,0.9999542236328125,1
1429,2,2,0.9995890259742737,1
1430,3,3,0.9767935276031494,1
1431,3,3,0.9997889399528503,1
1432,0,0,0.9999281167984009,1
1433,1,1,0.9989938139915466,1
1434,3,3,0.9982234835624695,1
1435,0,0,0.9999285936355591,1
1436,2,3,0.7246484756469727,0
1437,2,2,0.999258816242218,1
1438,0,0,0.9999439716339111,1
1439,2,2,0.9753379821777344,1
1440,1,1,0.9994843006134033,1
1441,3,3,0.9995744824409485,1
1442,0,0,0.9965659976005554,1
1443,0,0,0.9999121427536011,1
1444,0,0,0.9999188184738159,1
1445,2,2,0.9070120453834534,1
1446,0,0,0.9996641874313354,1
1447,3,3,0.999669075012207,1
1448,2,2,0.999874472618103,1
1449,0,0,0.9931174516677856,1
1450,1,1,0.999452531337738,1
1451,1,1,0.9973467588424683,1
1452,1,1,0.9988272786140442,1
1453,0,0,0.9998730421066284,1
1454,0,0,0.9999163150787354,1
1455,3,0,0.996760904788971,0
1456,1,1,0.9994298815727234,1
1457,3,3,0.9990832805633545,1
1458,2,2,0.9999175071716309,1
1459,0,3,0.7246484756469727,0
1460,3,3,0.9994434714317322,1
1461,3,0,0.9997571110725403,0
1462,3,3,0.9043573141098022,1
1463,2,2,0.9996398687362671,1
1464,0,0,0.9997140765190125,1
1465,2,3,0.8584054112434387,0
1466,1,1,0.9995416402816772,1
1467,0,0,0.9994944334030151,1
1468,1,1,0.9996955394744873,1
1469,3,3,0.9998490810394287,1
1470,1,0,0.9989550113677979,0
1471,0,0,0.9999604225158691,1
1472,2,2,0.9997499585151672,1
1473,3,3,0.9476941823959351,1
1474,2,2,0.9997848868370056,1
1475,3,3,0.8441644906997681,1
1476,0,0,0.8271759748458862,1
1477,0,0,0.9999003410339355,1
1478,1,1,0.6034519076347351,1
1479,2,2,0.9997310042381287,1
1480,3,3,0.9987897276878357,1
1481,3,3,0.9879085421562195,1
1482,2,2,0.9998244643211365,1
1483,2,2,0.9980112314224243,1
1484,0,0,0.9996269941329956,1
1485,2,2,0.9995781779289246,1
1486,3,3,0.9997949004173279,1
1487,0,0,0.999954104423523,1
1488,3,3,0.9969698786735535,1
1489,0,0,0.9983363747596741,1
1490,2,2,0.9996262788772583,1
1491,1,2,0.9573773145675659,0
1492,0,0,0.9998862743377686,1
1493,3,2,0.9984803795814514,0
1494,2,2,0.999886155128479,1
1495,3,3,0.9990192651748657,1
1496,0,0,0.9999125003814697,1
1497,2,0,0.5400897264480591,0
1498,2,2,0.9997779726982117,1
1499,2,3,0.7246484756469727,0
1500,1,1,0.9995768666267395,1
1501,3,3,0.9986431002616882,1
1502,3,3,0.9968647360801697,1
1503,1,1,0.5577910542488098,1
1504,3,3,0.9971749782562256,1
1505,1,1,0.7577494978904724,1
1506,0,3,0.8721632957458496,0
1507,3,1,0.9579684734344482,0
1508,0,0,0.9998276233673096,1
1509,3,3,0.9968032836914062,1
1510,2,2,0.9422436952590942,1
1511,0,0,0.9992501139640808,1
1512,2,2,0.9900692105293274,1
1513,3,2,0.7894469499588013,0
1514,0,0,0.999893307685852,1
1515,3,3,0.9896838665008545,1
1516,1,1,0.9984866380691528,1
1517,1,3,0.980323314666748,0
1518,0,0,0.9999438524246216,1
1519,1,1,0.7944785356521606,1
1520,3,0,0.7595694065093994,0
1521,3,3,0.9879463315010071,1
1522,0,0,0.9992490410804749,1
1523,3,3,0.9935213923454285,1
1524,1,3,0.441241592168808,0
1525,3,3,0.9993619322776794,1
1526,1,1,0.9989884495735168,1
1527,3,3,0.9995400905609131,1
1528,0,0,0.9991121888160706,1
1529,2,2,0.999950647354126,1
1530,1,1,0.9940276145935059,1
1531,2,3,0.7246484756469727,0
1532,2,2,0.9998550415039062,1
1533,2,2,0.9981424808502197,1
1534,2,2,0.648423969745636,1
1535,3,3,0.9998408555984497,1
1536,0,0,0.9999480247497559,1
1537,3,3,0.9783607721328735,1
1538,2,2,0.9998865127563477,1
1539,2,2,0.9996330738067627,1
1540,3,2,0.6557925939559937,0
1541,3,3,0.9988797307014465,1
1542,0,0,0.9997178912162781,1
1543,2,1,0.9834778904914856,0
1544,3,3,0.9997825026512146,1
1545,0,0,0.5555155873298645,1
1546,0,3,0.8981338739395142,0
1547,3,3,0.9999052286148071,1
1548,3,3,0.999077558517456,1
1549,1,1,0.9849407076835632,1
1550,2,2,0.9949132204055786,1
1551,1,1,0.9994858503341675,1
1552,2,2,0.9998785257339478,1
1553,2,2,0.9991357922554016,1
1554,3,3,0.9996541738510132,1
1555,1,1,0.9975415468215942,1
1556,2,3,0.7890213131904602,0
1557,2,2,0.9997426867485046,1
1558,2,2,0.9996495246887207,1
1559,2,2,0.9998366832733154,1
1560,2,2,0.5817775726318359,1
1561,2,2,0.9996449947357178,1
1562,2,2,0.9999300241470337,1
1563,0,0,0.9859927892684937,1
1564,1,1,0.9998171925544739,1
1565,1,1,0.9996529817581177,1
1566,3,3,0.997265100479126,1
1567,1,1,0.9992781281471252,1
1568,0,0,0.9700266122817993,1
1569,2,2,0.9994719624519348,1
1570,0,0,0.9950212240219116,1
1571,3,3,0.9990559220314026,1
1572,2,2,0.9465643763542175,1
1573,0,0,0.9998527765274048,1
1574,2,2,0.9948286414146423,1
1575,2,2,0.9968949556350708,1
1576,0,0,0.9977051615715027,1
1577,0,0,0.999934196472168,1
1578,2,2,0.9999258518218994,1
1579,1,1,0.9982402324676514,1
1580,0,0,0.9999459981918335,1
1581,1,1,0.37765878438949585,1
1582,1,1,0.9994688630104065,1
1583,1,1,0.9995936751365662,1
1584,1,1,0.9998001456260681,1
1585,0,0,0.9996747970581055,1
1586,3,0,0.4206867814064026,0
1587,1,1,0.9988598823547363,1
1588,0,0,0.9993863105773926,1
1589,1,1,0.9995772242546082,1
1590,3,3,0.999657154083252,1
1591,2,2,0.9368809461593628,1
1592,3,0,0.8748611807823181,0
1593,3,2,0.8211733102798462,0
1594,0,0,0.9978255033493042,1
1595,0,0,0.9999130964279175,1
1596,0,0,0.9934117197990417,1
1597,0,0,0.9986358284950256,1
1598,1,1,0.9912773370742798,1
1599,3,3,0.999133288860321,1
1600,1,1,0.9987174272537231,1
1601,0,0,0.526242196559906,1
1602,0,0,0.9897994995117188,1
1603,1,1,0.9991433620452881,1
1604,2,2,0.9996852874755859,1
1605,3,1,0.9921507835388184,0
1606,1,1,0.9995504021644592,1
1607,2,2,0.9926700592041016,1
1608,2,3,0.8610526919364929,0
1609,1,1,0.9994932413101196,1
1610,0,0,0.9999527931213379,1
1611,3,3,0.9995332956314087,1
1612,2,2,0.9998980760574341,1
1613,2,2,0.9995980858802795,1
1614,3,3,0.8887960314750671,1
1615,3,3,0.9989614486694336,1
1616,0,0,0.9996697902679443,1
1617,2,2,0.9986226558685303,1
1618,2,2,0.999902606010437,1
1619,1,1,0.9994039535522461,1
1620,3,3,0.989362895488739,1
1621,1,1,0.9985456466674805,1
1622,1,0,0.9452638626098633,0
1623,3,3,0.9995985627174377,1
1624,3,3,0.9998375177383423,1
1625,1,1,0.5439696311950684,1
1626,1,1,0.9992544054985046,1
1627,2,2,0.9998316764831543,1
1628,0,0,0.9999393224716187,1
1629,0,0,0.999870777130127,1
1630,2,3,0.7246484756469727,0
1631,2,2,0.9998075366020203,1
1632,2,2,0.9816265106201172,1
1633,3,2,0.969808042049408,0
1634,3,3,0.9991132616996765,1
1635,2,2,0.9996042847633362,1
1636,3,3,0.9989774227142334,1
1637,1,0,0.8235571980476379,0
1638,3,3,0.9772018194198608,1
1639,1,1,0.9997417330741882,1
1640,2,2,0.9996199607849121,1
1641,0,0,0.9996820688247681,1
1642,1,1,0.9997451901435852,1
1643,1,1,0.9983367919921875,1
1644,3,3,0.9998549222946167,1
1645,0,0,0.9993010759353638,1
1646,1,3,0.6429826021194458,0
1647,0,0,0.9999521970748901,1
1648,3,1,0.9581618309020996,0
1649,0,1,0.8324607610702515,0
1650,2,2,0.6096233129501343,1
1651,2,2,0.9998898506164551,1
1652,0,0,0.9986672401428223,1
1653,0,0,0.9134871363639832,1
1654,2,2,0.9999027252197266,1
1655,1,1,0.9990319013595581,1
1656,1,1,0.7388266921043396,1
1657,3,3,0.9998637437820435,1
1658,0,0,0.9999001026153564,1
1659,2,2,0.9983412027359009,1
1660,1,2,0.9986182451248169,0
1661,1,1,0.9997370839118958,1
1662,1,1,0.9964082837104797,1
1663,1,1,0.9994066953659058,1
1664,2,2,0.9968054294586182,1
1665,0,0,0.9999462366104126,1
1666,3,3,0.9998699426651001,1
1667,1,1,0.998802661895752,1
1668,2,2,0.9998905658721924,1
1669,1,1,0.9992458820343018,1
1670,3,1,0.998766303062439,0
1671,1,1,0.9982315897941589,1
1672,3,3,0.9998879432678223,1
1673,0,0,0.9998890161514282,1
1674,0,0,0.999940037727356,1
1675,0,1,0.8874452114105225,0
1676,3,3,0.9942104816436768,1
1677,1,3,0.796286404132843,0
1678,1,1,0.9277219772338867,1
1679,0,0,0.6281609535217285,1
1680,2,2,0.9998205304145813,1
1681,0,0,0.9999595880508423,1
1682,1,1,0.9997071623802185,1
1683,3,3,0.999648928642273,1
1684,1,2,0.6610403656959534,0
1685,0,0,0.8423144817352295,1
1686,1,1,0.9996336698532104,1
1687,2,2,0.9998846054077148,1
1688,0,0,0.999879002571106,1
1689,2,2,0.9999433755874634,1
1690,3,3,0.9976909160614014,1
1691,3,3,0.9996660947799683,1
1692,0,0,0.9999313354492188,1
1693,2,2,0.9992586970329285,1
1694,0,0,0.9993379712104797,1
1695,2,2,0.9992092251777649,1
1696,0,0,0.9925886392593384,1
1697,2,2,0.9998514652252197,1
1698,1,1,0.9993627667427063,1
1699,3,3,0.9998300075531006,1
1700,2,2,0.9996180534362793,1
1701,3,2,0.7836290001869202,0
1702,1,1,0.9972123503684998,1
1703,3,3,0.9981004595756531,1
1704,3,3,0.8587000966072083,1
1705,1,1,0.9994077682495117,1
1706,1,1,0.771090030670166,1
1707,3,3,0.9986487030982971,1
1708,0,0,0.9999446868896484,1
1709,2,2,0.9997156262397766,1
1710,3,3,0.9997444748878479,1
1711,1,1,0.9986976385116577,1
1712,1,2,0.395077109336853,0
1713,0,0,0.9067680239677429,1
1714,3,3,0.9998050332069397,1
1715,3,3,0.9994267225265503,1
1716,2,2,0.9998992681503296,1
1717,3,2,0.997267484664917,0
1718,3,3,0.703941285610199,1
1719,1,3,0.9572468996047974,0
1720,1,1,0.9985693693161011,1
1721,1,1,0.9993801116943359,1
1722,2,0,0.9813928008079529,0
1723,1,1,0.9960979223251343,1
1724,3,2,0.7594304084777832,0
1725,3,3,0.9990598559379578,1
1726,3,1,0.8173254728317261,0
1727,2,2,0.9995946288108826,1
1728,1,1,0.9975142478942871,1
1729,1,3,0.46332302689552307,0
1730,1,1,0.9960561990737915,1
1731,3,3,0.9998854398727417,1
1732,3,1,0.7231771349906921,0
1733,1,1,0.894181489944458,1
1734,2,2,0.9948632121086121,1
1735,0,0,0.9999552965164185,1
1736,0,0,0.9995478987693787,1
1737,1,1,0.9988483190536499,1
1738,0,0,0.9989697933197021,1
1739,2,2,0.9999377727508545,1
1740,1,1,0.8170790076255798,1
1741,3,3,0.9993854761123657,1
1742,1,1,0.9414889216423035,1
1743,0,0,0.9999212026596069,1
1744,1,1,0.9963148236274719,1
1745,1,0,0.6184190511703491,0
1746,1,1,0.9990965127944946,1
1747,3,1,0.9473505020141602,0
1748,2,2,0.9068624973297119,1
1749,1,1,0.9982376098632812,1
1750,2,2,0.9987970590591431,1
1751,3,2,0.7392943501472473,0
1752,3,3,0.9432030916213989,1
1753,3,3,0.9940726161003113,1
1754,2,2,0.9998630285263062,1
1755,1,1,0.6062621474266052,1
1756,1,1,0.665041446685791,1
1757,0,0,0.9999468326568604,1
1758,0,0,0.9999212026596069,1
1759,1,0,0.9997233748435974,0
1760,3,3,0.9998329877853394,1
1761,0,0,0.9995008707046509,1
1762,1,1,0.9995856881141663,1
1763,1,3,0.6124305129051208,0
1764,3,3,0.9803037047386169,1
1765,2,2,0.9999206066131592,1
1766,2,3,0.8305487632751465,0
1767,2,2,0.9997996687889099,1
1768,3,1,0.9561716914176941,0
1769,3,3,0.9999358654022217,1
1770,0,0,0.9999693632125854,1
1771,2,1,0.9663007855415344,0
1772,3,3,0.9804414510726929,1
1773,0,0,0.999944806098938,1
1774,1,1,0.9997791647911072,1
1775,2,0,0.9767679572105408,0
1776,0,0,0.998763918876648,1
1777,0,0,0.9998243451118469,1
1778,3,0,0.9522278904914856,0
1779,2,2,0.9997610449790955,1
1780,2,2,0.9725874662399292,1
1781,3,2,0.8471170663833618,0
1782,2,2,0.9996013045310974,1
1783,2,1,0.5399495959281921,0
1784,1,1,0.9991426467895508,1
1785,0,1,0.5540633201599121,0
1786,0,0,0.9993295669555664,1
1787,2,2,0.9998329877853394,1
1788,1,1,0.5719143748283386,1
1789,3,3,0.9990314245223999,1
1790,2,2,0.9996165037155151,1
1791,3,3,0.9935423135757446,1
1792,1,1,0.9997041821479797,1
1793,3,3,0.9998260140419006,1
1794,1,1,0.9956676959991455,1
1795,0,0,0.9996707439422607,1
1796,3,2,0.990483283996582,0
1797,2,2,0.9998724460601807,1
1798,1,1,0.9974580407142639,1
1799,3,3,0.9997151494026184,1
1800,3,2,0.976621687412262,0
1801,0,3,0.44428253173828125,0
1802,2,2,0.9997976422309875,1
1803,2,0,0.95846027135849,0
1804,0,0,0.9997859597206116,1
1805,1,1,0.9810965657234192,1
1806,1,1,0.8593392968177795,1
1807,1,3,0.9703304767608643,0
1808,2,2,0.9991806149482727,1
1809,3,3,0.9894320964813232,1
1810,0,0,0.9994221925735474,1
1811,0,3,0.9095242023468018,0
1812,2,2,0.9999107122421265,1
1813,1,1,0.9000555872917175,1
1814,2,2,0.999872088432312,1
1815,1,3,0.9796857237815857,0
1816,2,1,0.9956297874450684,0
1817,3,3,0.39552637934684753,1
1818,2,2,0.9998569488525391,1
1819,1,1,0.9995200634002686,1
1820,1,1,0.9997039437294006,1
1821,2,2,0.993960976600647,1
1822,3,3,0.9996020197868347,1
1823,3,3,0.9997509121894836,1
1824,2,2,0.9993690848350525,1
1825,1,1,0.9995867609977722,1
1826,3,1,0.8259699940681458,0
1827,0,0,0.9999278783798218,1
1828,2,2,0.9990461468696594,1
1829,3,3,0.9997226595878601,1
1830,2,2,0.9997420907020569,1
1831,0,0,0.9763393402099609,1
1832,3,3,0.9995317459106445,1
1833,3,3,0.9996620416641235,1
1834,2,2,0.9998290538787842,1
1835,3,3,0.7246484756469727,1
1836,2,2,0.9998385906219482,1
1837,1,3,0.7246484756469727,0
1838,1,1,0.9994494318962097,1
1839,3,3,0.9963635802268982,1
1840,1,1,0.9689366817474365,1
1841,3,3,0.9822953939437866,1
1842,3,3,0.9852812886238098,1
1843,2,2,0.9998608827590942,1
1844,1,0,0.9559590816497803,0
1845,2,2,0.9998865127563477,1
1846,0,0,0.9999288320541382,1
1847,3,3,0.9995334148406982,1
1848,2,1,0.9650189876556396,0
1849,3,3,0.9993225336074829,1
1850,2,2,0.9999064207077026,1
1851,1,1,0.9878826141357422,1
1852,2,2,0.9992788434028625,1
1853,3,3,0.9993064403533936,1
1854,3,3,0.9990297555923462,1
1855,2,2,0.999883770942688,1
1856,2,1,0.9930156469345093,0
1857,1,1,0.9995514750480652,1
1858,0,0,0.998680055141449,1
1859,2,2,0.9997734427452087,1
1860,1,1,0.9995800852775574,1
1861,0,1,0.3761197626590729,0
1862,3,3,0.9995564818382263,1
1863,0,0,0.9999561309814453,1
1864,3,3,0.9998564720153809,1
1865,2,2,0.9997747540473938,1
1866,2,2,0.9841411709785461,1
1867,1,1,0.9993857145309448,1
1868,2,2,0.999053418636322,1
1869,0,0,0.9997188448905945,1
1870,2,2,0.9998038411140442,1
1871,2,2,0.9999157190322876,1
1872,1,1,0.999000608921051,1
1873,1,1,0.9997398257255554,1
1874,3,1,0.8027591705322266,0
1875,1,1,0.9994214773178101,1
1876,3,3,0.9999350309371948,1
1877,2,2,0.9999375343322754,1
1878,2,2,0.9998103976249695,1
1879,3,3,0.9146789908409119,1
1880,0,1,0.9278078079223633,0
1881,3,3,0.9998637437820435,1
1882,3,3,0.9993351101875305,1
1883,3,3,0.9996094107627869,1
1884,1,1,0.9994826316833496,1
1885,3,3,0.9996325969696045,1
1886,0,0,0.9998434782028198,1
1887,2,2,0.9998175501823425,1
1888,1,1,0.9996368885040283,1
1889,2,2,0.9998865127563477,1
1890,0,1,0.60094153881073,0
1891,2,1,0.9421241283416748,0
1892,3,3,0.9998039603233337,1
1893,2,2,0.9989351630210876,1
1894,0,0,0.999871015548706,1
1895,0,0,0.9896077513694763,1
1896,2,2,0.9995043277740479,1
1897,3,3,0.9998353719711304,1
1898,1,1,0.9913158416748047,1
1899,2,2,0.9682728052139282,1
1900,3,1,0.9947100877761841,0
1901,1,1,0.576143741607666,1
1902,0,0,0.9998038411140442,1
1903,1,1,0.9986528158187866,1
1904,3,3,0.9996777772903442,1
1905,2,2,0.9999258518218994,1
1906,2,2,0.989703357219696,1
1907,0,0,0.9880897402763367,1
1908,3,3,0.9994974136352539,1
1909,2,2,0.9997832179069519,1
1910,3,3,0.7246484756469727,1
1911,1,0,0.9997854828834534,0
1912,3,2,0.992986261844635,0
1913,1,1,0.9997040629386902,1
1914,3,3,0.999693751335144,1
1915,1,0,0.9944201111793518,0
1916,2,2,0.9988476037979126,1
1917,0,0,0.9994962215423584,1
1918,3,3,0.9398250579833984,1
1919,0,0,0.990780770778656,1
1920,1,1,0.997536301612854,1
1921,0,1,0.4611179530620575,0
1922,2,2,0.9999390840530396,1
1923,3,3,0.9996175765991211,1
1924,0,0,0.999937891960144,1
1925,3,0,0.5417270660400391,0
1926,0,0,0.9970282912254333,1
1927,2,2,0.9988577365875244,1
1928,3,3,0.9998916387557983,1
1929,3,3,0.9996939897537231,1
1930,0,0,0.9999483823776245,1
1931,3,3,0.7873767614364624,1
1932,0,0,0.896568238735199,1
1933,3,3,0.7118886709213257,1
1934,0,0,0.999875545501709,1
1935,1,1,0.7558749318122864,1
1936,3,3,0.9996730089187622,1
1937,3,1,0.8450429439544678,0
1938,1,1,0.9995619654655457,1
1939,1,1,0.9994809031486511,1
1940,0,3,0.7246484756469727,0
1941,0,0,0.9902111291885376,1
1942,2,2,0.9857213497161865,1
1943,2,2,0.9970676302909851,1
1944,2,3,0.6309056878089905,0
1945,3,3,0.7200011610984802,1
1946,2,2,0.9996696710586548,1
1947,2,2,0.9989854693412781,1
1948,2,1,0.4645005166530609,0
1949,1,1,0.8689236640930176,1
1950,1,1,0.9976367950439453,1
1951,3,3,0.9993643164634705,1
1952,3,1,0.4986867904663086,0
1953,3,1,0.8707958459854126,0
1954,1,2,0.7422869801521301,0
1955,2,3,0.4980979561805725,0
1956,1,1,0.9859814643859863,1
1957,2,2,0.9999469518661499,1
1958,2,2,0.9998853206634521,1
1959,3,3,0.9998923540115356,1
1960,1,1,0.9995717406272888,1
1961,1,1,0.9994435906410217,1
1962,1,1,0.9969762563705444,1
1963,3,0,0.5945659279823303,0
1964,0,0,0.9999556541442871,1
1965,0,0,0.999925971031189,1
1966,0,0,0.9997444748878479,1
1967,3,3,0.9997633099555969,1
1968,3,3,0.993364691734314,1
1969,1,3,0.9726508855819702,0
1970,3,1,0.7992087602615356,0
1971,2,3,0.8540637493133545,0
1972,2,2,0.45484164357185364,1
1973,0,0,0.9997774958610535,1
1974,3,3,0.9560115933418274,1
1975,1,1,0.9995762705802917,1
1976,0,0,0.9999583959579468,1
1977,3,3,0.9981778860092163,1
1978,3,3,0.8204317092895508,1
1979,2,2,0.9998082518577576,1
1980,0,0,0.9988369345664978,1
1981,2,2,0.999811589717865,1
1982,0,0,0.9984976053237915,1
1983,2,2,0.9998596906661987,1
1984,0,0,0.9984884262084961,1
1985,0,0,0.9999024868011475,1
1986,2,0,0.9328694343566895,0
1987,0,0,0.9995747208595276,1
1988,0,0,0.9965577721595764,1
1989,0,0,0.9999368190765381,1
1990,0,0,0.8806616067886353,1
1991,3,3,0.9874888062477112,1
1992,3,3,0.9998589754104614,1
1993,1,0,0.9895783066749573,0
1994,2,2,0.9295860528945923,1
1995,0,2,0.9069299697875977,0
1996,3,3,0.9995632767677307,1
1997,1,1,0.9380525350570679,1
1998,3,3,0.9986466765403748,1
1999,0,0,0.9999104738235474,1
2000,0,0,0.9998328685760498,1
2001,3,3,0.9995617270469666,1
2002,2,2,0.9996626377105713,1
2003,3,3,0.9837732315063477,1
2004,0,0,0.999306321144104,1
2005,2,2,0.9999474287033081,1
2006,2,2,0.9998424053192139,1
2007,2,2,0.9985407590866089,1
2008,2,2,0.9998782873153687,1
2009,0,0,0.9877308011054993,1
2010,1,1,0.9984930753707886,1
2011,2,2,0.9997207522392273,1
2012,2,2,0.9992665648460388,1
2013,0,0,0.9999361038208008,1
2014,0,1,0.5365779399871826,0
2015,0,0,0.8482077121734619,1
2016,1,1,0.9945578575134277,1
2017,2,2,0.9614472389221191,1
2018,0,0,0.9999257326126099,1
2019,1,1,0.9993606209754944,1
2020,0,0,0.9999653100967407,1
2021,1,1,0.9947446584701538,1
2022,2,2,0.6993605494499207,1
2023,2,2,0.9997720122337341,1
2024,3,3,0.9395703673362732,1
2025,0,0,0.9983391761779785,1
2026,0,0,0.9999550580978394,1
2027,3,3,0.9987248778343201,1
2028,3,3,0.9985806941986084,1
2029,3,3,0.9985833168029785,1
2030,2,2,0.9999316930770874,1
2031,1,3,0.43732112646102905,0
2032,0,0,0.9997695088386536,1
2033,2,3,0.6224825978279114,0
2034,1,1,0.9987779259681702,1
2035,0,0,0.9998685121536255,1
2036,1,1,0.9640555381774902,1
